CategoryLetter,FullTitle,PageNumber
#,"10,000 Reasons (Bless The Lord)",1
A,All Glory Be To Christ,9
,All Heaven Declares,12
,All The Poor And Powerless,13
,All To Us,17
,Amazing Grace,21
,Amazing Grace (My Chains Are Gone),22
,Ancient Words,25
,And Can It Be (Amazing Love),29
,Another In The Fire,33
,Are You Washed In The Blood,39
,Are You Washed In The Blood,39
,Are You Washed In The Blood,39
,As The Deer,40
,At The Cross,41
,At The Cross (Love Ran Red),45
B,Beautiful One,61
,Because He Lives,65
,Before The Throne Of God Above,67
,Behold Our God,69
,Behold The Lord,71
,Better Is One Day,73
,Blessed Assurance,76
,Blessed Be Your Name,77
,Break Every Chain,81
,Break Every Chain,81
,Broken Vessels (Amazing Grace),85
,Broken Vessels (Amazing Grace),85
,Build My Life,89
,Build Your Kingdom Here,93
C,Christ The Lord Is Risen Today,105
,Christ The Lord Is Risen Today (He Is Not Dead),106
,Come Now Is The Time To Worship,109
,Come Thou Fount,111
,Come Thou Fount,111
,Cornerstone,113
,Cornerstone,113
,Crown Him (Majesty),117
,Crown Him With Many Crowns,121
D,Days Of Elijah,122
,Death Was Arrested,125
,Death Where Is Your Sting,129
,Do It Again,133
E,Even So Come,137
,Ever Be,141
,Everlasting God,145
F,Forever,153
,Forever,153
,Forever (We Sing Hallelujah),157
,Forgiven,161
,From The Inside Out,165
G,God Of This City,177
,God Of Wonders,181
,Good Good Father,185
,Gracefully Broken,189
,Great Are You Lord,193
,Great Are You Lord,193
,Great Are You Lord,193
,Great I Am,197
,Great Is Thy Faithfulness,201
,Great Is Thy Faithfulness (Beginning To End),205
H,He Reigns,217
,Healer,221
,"Heart Of Worship, The",225
,Here Again,229
,Here For You,233
,Here I Am To Worship,237
,Here Is Love,241
,Holy (Wedding Day),245
,Holy Holy Holy,248
,Hosanna,249
,Hosanna (I See The King Of Glory),250
,Hosanna (Praise Is Rising),253
,How Deep The Father's Love For Us,257
,How Firm A Foundation,258
,How Firm A Foundation,258
,How Great Is Our God,259
,How Great Is Our God,259
,How Great Thou Art,261
I,I Lift My Hands,273
,I Stand Amazed (My Savior's Love),277
,I Stand In Awe,278
,I Surrender All,280
,I Will Follow,281
,I Will Rise,285
,I Will Sing Of My Redeemer,289
,I Will Sing The Wondrous Story,293
,I'll Fly Away,295
,In Christ Alone,297
,In Christ Alone,297
,In Christ Alone,297
,Indescribable,301
,It Is Well (Grander Earth),305
,It Is Well With My Soul,308
J,Jesus Messiah,317
,Jesus Paid It All,320
,Jesus Son Of God,321
,Just As I Am,325
,Just As I Am,325
,Just As I Am (I Come Broken),326
,Just As I Am (I Come Broken),326
K,King Of Kings,329
,King Of My Heart,333
,Knowing You (All I Once Held Dear),337
L,Lead Me To The Cross (Quiet I Come),345
,Like A River Glorious,348
,"Lion And The Lamb, The",349
,Living Hope,353
,Lord I Lift Your Name On High,357
,Lord I Need You,361
,"Lord Is My Salvation, The",365
,"Lord Our God, The",369
,"Love Of God, The",371
,"Love Of God, The",371
,"Love Of God, The",371
M,Man Of Sorrows,377
,Mercy,381
,Mighty To Save,385
,Mine Eyes Have Seen The Glory (Battle Hymn),389
,Mountain,393
,Mountain,393
,Mountain,393
,Mountain (You're Wonderful),397
,My Lighthouse,401
,My Redeemer Lives,405
N,Nearer My God To Thee,407
,New Wine,409
,No Longer Slaves,413
O,O Praise The Name,425
,O The Deep Deep Love Of Jesus,429
,Oceans (Where Feet May Fail),433
,Oh What Love,437
,Once Again,441
,One Thing Remains (Your Love Never Fails),445
,Onward Christian Soldiers,449
,Open The Eyes Of My Heart,451
,Our God (Water You Turned Into Wine),453
,Our God (Water You Turned Into Wine),453
,Our God (Water You Turned Into Wine),453
P,"Power Of The Cross, The",458
,"Power Of Your Love, The",461
,Praise You In This Storm,465
R,Reckless Love,469
,Resurrecting,473
,Revelation Song,477
,Rooftops,481
S,Shout To The Lord,489
,So Will I (100 Billion X),493
,"Solid Rock, The",498
,"Stand, The",499
,"Stand, The",499
,Still (Hide Me Now),501
,Still (Hide Me Now),501
,Stronger,505
,Sweetly Broken,509
T,There Is A Redeemer,516
,This Is Amazing Grace,517
,This Is My Father's World,525
,Tis So Sweet To Trust In Jesus,529
,Tis So Sweet To Trust In Jesus,529
,To God Be The Glory,530
,To God Be The Glory,530
,Tremble,533
,Trust And Obey,535
V,Victor's Crown,537
,Victory In Jesus (I Heard An Old Old Story),542
W,What A Beautiful Name,553
,What A Friend We Have In Jesus,556
,When I Survey The Wondrous Cross,557
,When The Roll Is Called Up Yonder,558
,Who Am I,561
,Who You Say I Am,565
,Whom Shall I Fear (God Of Angel Armies),569
,"Wonderful Cross, The",573
,Wonderful Merciful Savior,575
,Wonderful Merciful Savior,575
,Wonderful Merciful Savior,575
Y,You Are Holy (Prince Of Piece),585
,You Are My All In All,589
,You Are My King (Amazing Love),590
,Your Grace Is Enough,593
,Your Grace Is Enough,593
,Your Great Name,597
,Your Great Name,597
,Your Love Never Fails,601
,Your Presence Is Heaven,605
