CategoryLetter,FullTitle,Author,PageNumber
A,God Of This City,"Aaron Boyd, Andrew McCann",177
,Holy (Wedding Day),"Aaron Powell, Elias Dummer",245
,Oh What Love,"Aaron Powell, Elias Dummer",437
,This Is My Father's World,"Aaron Purdy, Franklin L. Sheppard",525
,I'll Fly Away,Albert E. Brumley,295
,Tremble,"Andres Figueroa, Hank Bentley",533
,Good Good Father,"Anthony Brown, Pat Barrett",185
,Your Love Never Fails,"Anthony Skinner, Chris McClarney",601
B,What A Beautiful Name,"Ben Fielding, Brooke Ligertwood",553
,Mighty To Save,"Ben Fielding, Reuben Morgan",385
,Stronger,"Ben Fielding, Reuben Morgan",505
,Who You Say I Am,"Ben Fielding, Reuben Morgan",565
,O Praise The Name,"Benjamin Hastings, Dean Ussher",425
,Praise You In This Storm,"Bernie Herms, Mark Hall",465
,Blessed Be Your Name,"Beth Redman, Matt Redman",77
,You Are My King (Amazing Love),Billy J. Foote,590
,Ever Be,"Bobby Strand, Chris Greely",141
,"Lion And The Lamb, The","Brenton Brown, Brian Johnson",349
,Everlasting God,"Brenton Brown, Ken Riley",145
,Hosanna (Praise Is Rising),"Brenton Brown, Paul Baloche",253
,Build My Life,"Brett Younker, Karl Martin",89
,Come Now Is The Time To Worship,Brian Doerksen,109
,One Thing Remains (Your Love Never Fails),"Brian Johnson, Christa B. Gifford",445
,Forever (We Sing Hallelujah),"Brian Johnson, Christa Black Gifford",157
,Hosanna (I See The King Of Glory),Brooke Ligertwood,250
,Lead Me To The Cross (Quiet I Come),Brooke Ligertwood,345
,New Wine,Brooke Ligertwood,409
,Man Of Sorrows,"Brooke Ligertwood, Matt Crocker",377
,King Of Kings,"Brooke Ligertwood, Scott Ligertwood",329
,Mountain (You're Wonderful),"Bryan Torwalt, Katie Torwalt",397
C,Hosanna,Carl Tuttle,249
,Before The Throne Of God Above,"Charitie L. Bancroft, Vikki Cook",67
,What A Friend We Have In Jesus,"Charles Converse, Joseph Scriven",556
,I Stand Amazed (My Savior's Love),Charles H. Gabriel,277
,And Can It Be (Amazing Love),Charles Wesley,29
,Christ The Lord Is Risen Today,Charles Wesley,105
,Christ The Lord Is Risen Today (He Is Not Dead),"Charles Wesley, Samuel Arnold",106
,Just As I Am,Charlotte Elliot,325
,Just As I Am,Charlotte Elliot,325
,Just As I Am (I Come Broken),"Charlotte Elliott, David Moffitt",326
,Just As I Am (I Come Broken),"Charlotte Elliott, David Moffitt",326
,Resurrecting,"Chris Brown, Mack Brock",473
,Another In The Fire,"Chris Davenport, Joel Houston",33
,Forever,Chris Tomlin,153
,Forever,Chris Tomlin,153
,Jesus Messiah,"Chris Tomlin, Daniel Carson",317
,At The Cross (Love Ran Red),"Chris Tomlin, Ed Cash",45
,Crown Him (Majesty),"Chris Tomlin, Ed Cash",117
,How Great Is Our God,"Chris Tomlin, Ed Cash",259
,How Great Is Our God,"Chris Tomlin, Ed Cash",259
,Whom Shall I Fear (God Of Angel Armies),"Chris Tomlin, Ed Cash",569
,"Wonderful Cross, The","Chris Tomlin, Isaac Watts",573
,Even So Come,"Chris Tomlin, Jason Ingram",137
,I Will Follow,"Chris Tomlin, Jason Ingram",281
,Jesus Son Of God,"Chris Tomlin, Jason Ingram",321
,All To Us,"Chris Tomlin, Jesse Reeves",17
,I Will Rise,"Chris Tomlin, Jesse Reeves",285
,Our God (Water You Turned Into Wine),"Chris Tomlin, Jesse Reeves",453
,Our God (Water You Turned Into Wine),"Chris Tomlin, Jesse Reeves",453
,Our God (Water You Turned Into Wine),"Chris Tomlin, Jesse Reeves",453
,Amazing Grace (My Chains Are Gone),"Chris Tomlin, John Newton",22
,I Lift My Hands,"Chris Tomlin, Louie Giglio",273
,Lord I Need You,"Christy Nockels, Daniel Carson",361
,Death Where Is Your Sting,"Cory Asbury, Anna Asbury",129
,Reckless Love,"Cory Asbury, Caleb Culver",469
D,Shout To The Lord,Darlene Zschech,489
,Victor's Crown,"Darlene Zschech, Israel Houghton",537
,Forgiven,"David Crowder, Ed Cash",161
,Great Are You Lord,"David Leonard, Jason Ingram",193
,Great Are You Lord,"David Leonard, Jason Ingram",193
,Great Are You Lord,"David Leonard, Jason Ingram",193
,All The Poor And Powerless,"David Leonard, Leslie Jordan",13
,Wonderful Merciful Savior,"Dawn Rodgers, Eric Wyse",575
,Wonderful Merciful Savior,"Dawn Rodgers, Eric Wyse",575
,Wonderful Merciful Savior,"Dawn Rodgers, Eric Wyse",575
,You Are My All In All,Dennis Jernigan,589
,All Glory Be To Christ,Dustin Kensrue,9
E,"Solid Rock, The",Edward Mote,498
,Cornerstone,"Edward Mote, Eric Liljero",113
,Cornerstone,"Edward Mote, Eric Liljero",113
,Are You Washed In The Blood,Elisha A. Hoffman,39
,Are You Washed In The Blood,Elisha A. Hoffman,39
,Are You Washed In The Blood,Elisha A. Hoffman,39
,Jesus Paid It All,Elvina M. Hall,320
,Victory In Jesus (I Heard An Old Old Story),Eugene M. Bartlett,542
F,Blessed Assurance,Fanny J. Crosby,76
,To God Be The Glory,Fanny Jane Crosby,530
,To God Be The Glory,Fanny Jane Crosby,530
,I Will Sing The Wondrous Story,Francis H. Rawley,293
,"Love Of God, The",Frederick M. Lehman,371
,"Love Of God, The",Frederick M. Lehman,371
,"Love Of God, The",Frederick M. Lehman,371
G,Build Your Kingdom Here,"Gareth Gilkeson, Chris Llewellyn",93
,My Lighthouse,"Gareth Gilkeson, Chris Llewellyn",401
,"Power Of Your Love, The",Geoff Bullock,461
,How Firm A Foundation,George Keith,258
,How Firm A Foundation,George Keith,258
,Behold The Lord,"Gerald Coates, Noel Richards",71
,Because He Lives,"Gloria Gaither, William J. Gaither",65
,Knowing You (All I Once Held Dear),Graham Kendrick,337
H,Death Was Arrested,"Heath Balltzglier, Brandon Coker",125
,It Is Well With My Soul,Horatio G. Spafford,308
I,When I Survey The Wondrous Cross,Isaac Watts,557
,At The Cross,"Isaac Watts, Ralph E. Hudson",41
,Your Presence Is Heaven,"Israel Houghton, Micah Massey",605
J,When The Roll Is Called Up Yonder,James M. Black,558
,Like A River Glorious,James Mountain,348
,Great I Am,Jared Anderson,197
,"Lord Our God, The","Jason Ingram, Kristian Stanfill",369
,Revelation Song,Jennie L. Riddle,477
,Sweetly Broken,Jeremy Riddle,509
,This Is Amazing Grace,"Jeremy Riddle, Josh Farro",517
,Indescribable,"Jesse Reeves, Laura Story",301
,Here For You,"Jesse Reeves, Matt Maher",233
,From The Inside Out,Joel Houston,165
,"Stand, The",Joel Houston,499
,"Stand, The",Joel Houston,499
,So Will I (100 Billion X),"Joel Houston, Benjamin Hastings",493
,Broken Vessels (Amazing Grace),"Joel Houston, Jonas Myrin",85
,Broken Vessels (Amazing Grace),"Joel Houston, Jonas Myrin",85
,Oceans (Where Feet May Fail),"Joel Houston, Matt Crocker",433
,Holy Holy Holy,"John B. Dykes, Reginald Heber",248
,Trust And Obey,John H. Sammis,535
,King Of My Heart,"John M. McMillan, Sarah McMillan",333
,Amazing Grace,"John Newton, John P. Rees",21
,"Lord Is My Salvation, The","Jonas Myrin, Keith Getty",365
,"10,000 Reasons (Bless The Lord)","Jonas Myrin, Matt Redman",1
,Behold Our God,"Jonathan Baird, Meghan Baird",69
,No Longer Slaves,"Jonathan D. Helser, Brian Johnson",413
,I Surrender All,"Judson DeVenter, Winfield Weeden",280
,Mine Eyes Have Seen The Glory (Battle Hymn),Julia W. Howe,389
K,In Christ Alone,"Keith Getty, Stuart Townend",297
,In Christ Alone,"Keith Getty, Stuart Townend",297
,In Christ Alone,"Keith Getty, Stuart Townend",297
,"Power Of The Cross, The","Keith Getty, Stuart Townend",458
,Your Great Name,"Krissy Nordhoff, Michael Neale",597
,Your Great Name,"Krissy Nordhoff, Michael Neale",597
,It Is Well (Grander Earth),"Kristene DiMarco, Horatio Spafford",305
L,Rooftops,"Lindsey Sweat, Ben Williams",481
,Tis So Sweet To Trust In Jesus,Lousa M. R. Stead,529
,Tis So Sweet To Trust In Jesus,Lousa M. R. Stead,529
,Ancient Words,Lynn DeShazo,25
M,God Of Wonders,"Marc Byrd, Steve Hindalong",181
,You Are Holy (Prince Of Piece),"Marc Imboden, Tammi Rhoton",585
,I Stand In Awe,Mark Altrogge,278
,Who Am I,Mark Hall,561
,As The Deer,Martin Nystrom,40
,Mountain,"Matt Crocker, Joel Houston",393
,Mountain,"Matt Crocker, Joel Houston",393
,Mountain,"Matt Crocker, Joel Houston",393
,Your Grace Is Enough,Matt Maher,593
,Your Grace Is Enough,Matt Maher,593
,Better Is One Day,Matt Redman,73
,"Heart Of Worship, The",Matt Redman,225
,Once Again,Matt Redman,441
,Gracefully Broken,"Matt Redman, Jonas Myrin",189
,Mercy,"Matt Redman, Jonas Myrin",381
,Crown Him With Many Crowns,"Matthew Bridges, Godfrey Thring",121
,There Is A Redeemer,Melody Green,516
,Healer,Mike Guglielmucci,221
N,All Heaven Declares,"Noel Richards, Tricia Richards",12
P,Open The Eyes Of My Heart,Paul Baloche,451
,He Reigns,"Peter Furler, Steve Taylor",217
,Living Hope,"Phil Wickham, Brian Johnson",353
R,My Redeemer Lives,Reuben Morgan,405
,Still (Hide Me Now),Reuben Morgan,501
,Still (Hide Me Now),Reuben Morgan,501
,Lord I Lift Your Name On High,Rick Founds,357
,Here Is Love,"Robert Lowry, William Rees",241
,Come Thou Fount,Robert Robinson,111
,Come Thou Fount,Robert Robinson,111
,Days Of Elijah,Robin Mark,122
S,Onward Christian Soldiers,Sabine B. Gould,449
,O The Deep Deep Love Of Jesus,Samuel T. Francis,429
,Nearer My God To Thee,Sarah F. F. Adams,407
,Here Again,"Steven Furtick, Chris Brown",229
,Do It Again,"Steven Furtick, Matt Redman",133
,How Deep The Father's Love For Us,Stuart Townend,257
,How Great Thou Art,Stuart W. K. Hine,261
T,Great Is Thy Faithfulness,"Thomas Chisholm, William Runyan",201
,Beautiful One,Tim Hughes,61
,Here I Am To Worship,Tim Hughes,237
,I Will Sing Of My Redeemer,"Travis Cottrell, Philip Paul Bliss",289
W,Break Every Chain,Will Reagan,81
,Break Every Chain,Will Reagan,81
,Great Is Thy Faithfulness (Beginning To End),"William Runyan, Thomas Chisholm",205
